{
    "tweet": [
        {
            "text": "定期増やしたいのでお試しでいいので女子大生のせ〇レになれる人いませんか？"
        },
        {
            "text": "わたし舌が長いほうので舐めるのが得意なんです。全身なめまわしてもいいですか？♡"
        },
        {
            "text": "あったら5秒でしゃぶり始める工口大学生はきらいですか？じゅぽじゅぽされるの苦手の人っています？"
        },
        {
            "text": "おつぱいを赤ちゃんみたいにちゅ一ちゅ一吸われたい。どなたかしていただけませんか？"
        },
        {
            "text": "どなたかパイズりの練習相手になってくれませんか？かなりおつぱい大きいので気持ち良くさせてあげられますよ。"
        },
        {
            "text": "あふれるくらいドクドク白いのたっぷり出してくれる人いますか？何回も中にだしてほしいんです。"
        },
        {
            "text": "しこしこお〇にーなんてしてないで私とせ〇クスしましょ。あそこの締まりには自信があります。"
        },
        {
            "text": "女子大生と密しませんか？"
        },
        {
            "text": "どうやってイかせてほしい？♡"
        },
        {
            "text": "ぱいぱンのつるつるおまんです。優しい方フェ〇するからク〇二してくれませんか？"
        },
        {
            "text": "急ですけどあえますか？？？\nおっけーな人メ一ルしてください♡"
        },
        {
            "text": "小娘がお下品な音を立ててべろべろしちゃダメですか？"
        },
        {
            "text": "一人でいじるの寂しい。\nだれか一緒にシよ？"
        },
        {
            "text": "誰でもいいからせ〇レ募集。立候補お願いします。"
        },
        {
            "text": "都合のいい人が欲しい。私の都合のいい人はホテルで会ったらすぐにせッ〇スして終わったら即解散してくれる人です。"
        },
        {
            "text": "今月まだ 処 女 だから、誰か奪ってください♡"
        },
        {
            "text": "女子大生をバチバチにハメてみたい？"
        },
        {
            "text": "女子大生にみついで欲しい人いますか？"
        },
        {
            "text": "パ イ パ ん 女 子 大 生 は好き？♡"
        },
        {
            "text": "女子大生にフェ〇チオされてみませんか？きっと気持ち良すぎて嫌なこと全て忘れますよ。"
        },
        {
            "text": "誰かフェ〇の練習台になってくれる優しい人いませんか？丁寧にべろべろしますよ。"
        },
        {
            "text": "せフ〇は普通に募集してます。私と会うときはおサイフは持ってこなくて大丈夫です。ホテルでたくさんおつぱい揉んでハめてくれるだけで大丈夫です。予定空いてるちんポは↻♡"
        },
        {
            "text": "入れたらすぐイッちゃうくらい固くしてあげます。"
        },
        {
            "text": "朝からむらむらがとまりません。私のあなに入れて思いっきり腰振ってくれませんか？"
        },
        {
            "text": "デカぱいと 交 尾 しませんか？"
        },
        {
            "text": "大きくてやわらかい女子大生のおつぱいは好きですか？"
        },
        {
            "text": "おはようございます♡\nおおきくてやわらかいおつぱいはいかがですか？揉み放題ですよ。"
        },
        {
            "text": "私の友達のギャル店員と3 Pしてみたい人っています？内緒にできるひとは立候補お願いします♡"
        },
        {
            "text": "女 子 大 生 の大きいおつぱいとお仕事どっちが好きですか？揉んでくれる人を募集中です。"
        },
        {
            "text": "連休ヤれる人いますか？"
        },
        {
            "text": "せックす何回戦できる？"
        },
        {
            "text": "パイパんの私とせッ〇ス目的で会いたい人いいねください。"
        },
        {
            "text": "やリまん女子大生の大きいおつぱいに顔を埋めたい人？✋"
        },
        {
            "text": "私に筆下ろししてもらいたい人いますか？ホテルは私がもちますよ♡"
        },
        {
            "text": "秘密を守れる人とスケべなことしたい♡"
        },
        {
            "text": "誰でもいいから私と ｢交 尾｣ して♡"
        },
        {
            "text": "私、本当にゴムはいりません。生が好きだし興奮します。シコってばかりいないで私と生はメしょ。シタい人は↻♡"
        },
        {
            "text": "んーせッ…クス…したい………\nもう…我慢できない……です。"
        },
        {
            "text": "お ち ン ち ん 舐めたい。ゴックンするけど大丈夫ですか？♡"
        },
        {
            "text": "せフれ募集してるけど、せ ックスだけじゃなく、たまにカフェでイチャイチャデートもしたい。"
        },
        {
            "text": "どこかに野良のせフレさん落ちてないかな。私が拾ってほてルに連れ込むのに。今夜行ける人います？？"
        },
        {
            "text": "せ ックスしたい人はフォローして♡"
        },
        {
            "text": "ハ メ 撮 り 凸 (12分 ) 興味ある？"
        },
        {
            "text": "女子大生がせフれ探すとかきもい？"
        },
        {
            "text": "最寄の駅まで行くので会えません？"
        },
        {
            "text": "私のおつぱい揉みたい方に、整理券を配ります✋"
        },
        {
            "text": "交通費を出すから私のウチへきてほしい。それとも私がそっちにいきますか？"
        },
        {
            "text": "週末、サクッとせッくす出来る人を募集します。おつぱい揉み放題つけます。ほテる代は私もちです。"
        },
        {
            "text": "中だしじゃなきゃ、せッくすとは呼ばないよ。共感したら↻↻↻"
        },
        {
            "text": "誰でもいいから私と合体して♡"
        },
        {
            "text": "ぱいずリでイったことない人います？"
        },
        {
            "text": "パイパんの女子大生とせックス目的で会いたい人いいねください。"
        },
        {
            "text": "私のフェらは毎秒30往復します。耐えられる人いる？♡"
        },
        {
            "text": "女子大生に筆下ろししてもらいたい人いますか？気持ちよくしてあげるよ。"
        },
        {
            "text": "彼氏はいらないのでせックスだけの関係が希望です。同感の人は♡して下さい。"
        },
        {
            "text": "せフレがいない人はリツイ一ト♡女子大生の私がせフレになるよ。"
        },
        {
            "text": "誰でもいいのでせフレ募集。ひまなおじさんは立候補お願いします。"
        },
        {
            "text": "女子大生のフェら経験したら、もうおばさんのフェらには戻れないよ。舌の鮮度が違うもん。ためす？"
        },
        {
            "text": "私の穴にちんコ突っ込んでくれるおじさんはいいねして♡"
        },
        {
            "text": "5日以上せックスしてない人はR T♡して。いいねした人を欲求不満な女子大生がお迎えにいきます。"
        },
        {
            "text": "サークルの部長にフェらした動画みる？"
        },
        {
            "text": "女子大生とおな電したい人いる？"
        },
        {
            "text": "わたしの中に出したいんですか？いいですよ。大歓迎です♡"
        },
        {
            "text": "私のぴんくクパア見て欲しい。凸してもいいですか？希望はR T♡"
        },
        {
            "text": "さっき多目的トイレでしたエッ◯みる？"
        },
        {
            "text": "女子大生とホテルデート行ける人います？ホテルでせックスしたあとは、美味しいラーメンご馳走しますね。"
        },
        {
            "text": "じゃ、せックス目的でホテル集合しましょ。"
        },
        {
            "text": "せックスがしたくて我慢が出来ないんですが、これって変ですか？"
        },
        {
            "text": "誰かフェらの練習台になってくれる人いませんか？丁寧べろべろしますよ。"
        },
        {
            "text": "ホテルで私とせックスしたら、最低3回は中に出すまで帰宅できないけど覚悟あります？"
        },
        {
            "text": "交尾の予定が無い人は♡ください。私が予定を埋めにいきます。"
        },
        {
            "text": "おはようございます♡びんびん？"
        },
        {
            "text": "せフレのおじさんに騎 乗 位 で私がイきまくるはめ撮り動画撮られたんだけど見たい人いる？"
        },
        {
            "text": "せフレが欲しいの？私なんてどう？"
        },
        {
            "text": "【 急募✋】\n平日ホテルでせックスしてくれる人"
        },
        {
            "text": "女子大生のせフレって欲しい？中だしできる子。わたしのことですけど。"
        },
        {
            "text": "女子大生に会った瞬間にちンこ握られたら興奮する？"
        },
        {
            "text": "私のノー パンぱいまん見たい人❔✋"
        },
        {
            "text": "彼氏はいらないんです。ヤリ友が欲しいんです。おつぱいを舐めまわしてくれるおじさんなら貧乏でも逢いに行くね。"
        },
        {
            "text": "ドロドロの精液を私の中に注いでくれませんか？"
        },
        {
            "text": "私と交尾しない？"
        },
        {
            "text": "私の穴で4月の童貞卒業する？"
        },
        {
            "text": "ぱいぱん需要ある？"
        },
        {
            "text": "せックスが趣味の女子大生だけど、趣味に付き合ってくれる人いませんか？♡"
        },
        {
            "text": "土日ホテルでせックスできるひと？"
        },
        {
            "text": "女子大生のデカぱいと濃厚せックスしたい人って居ますか？"
        },
        {
            "text": "女子大生と生中せックスしたい人は正直にパコモクのいいね♡下さい。"
        },
        {
            "text": "女子大生がぱい 凸してもいいですか？D M開いてる人にしか送れないけど…"
        },
        {
            "text": "せフレ欲しいですか？私なんてどうですか？"
        },
        {
            "text": "私のおつぱい揉む？タダだよ♡"
        },
        {
            "text": "交尾目的で女子大生と会いませんか？"
        },
        {
            "text": "えッチなことしたい♡恥ずかしい体位で 犯 し て。"
        },
        {
            "text": "会ったらすぐにホテルへ行って部屋に入ったら即挿れて欲しい。女子大生だからライトな関係が心地いいんす。"
        },
        {
            "text": "女子大生の私とせックスしたら嫌なこと全部忘れるよ。夢みたいな時間を味あわせてあげるね🥺"
        },
        {
            "text": "早漏のおじさん好きですよ。私がフェらで復活させるから何度も早撃ち射精して下さい。"
        },
        {
            "text": "私のせフレになってくれたら尽くしますよ。こう見えてあげマンなんです。"
        },
        {
            "text": "せフレさんはいつでも募集中です。"
        },
        {
            "text": "自分で言うのもなんですけどかなりのフェら上手です。極上の舌心地を試してみませんか？"
        },
        {
            "text": "ぴる飲んでいるので、中だしし放題です。中だし懇願しちゃいます。"
        },
        {
            "text": "初めて女子大生と会ったときにノ一パンノ一ブラだったら引きます？"
        },
        {
            "text": "平日の夜にせックスできるおじさんいますか？サクッとイキたい気分なので。"
        },
        {
            "text": "誰か会いませんか？もちろんヤ○モクで。"
        },
        {
            "text": "せックスするともっとせックスしたくなるの何で？性欲のバグですか？"
        },
        {
            "text": "もうすぐ22歳になる女子大生ですけど、抱けますか？一応おつぱいはFカップで 乳 首 はピンクです。"
        },
        {
            "text": "今ならタダで女子大生とせックスできます。女子大生にぱいずりして欲しい人います？"
        },
        {
            "text": "お会いしたら例外なくホテルに誘う女子大生です🏨"
        },
        {
            "text": "女子大生に筆下ろししてもらいたい人いますか？ホテル代は私が出しますよ♡"
        },
        {
            "text": "女子大生がぱい 凸してもいいですか？DM解放してる人にしか送れないけど…"
        },
        {
            "text": "誰でもいいからおつぱい揉んで欲しい。立候補お願いします。お礼は中だしで♡"
        },
        {
            "text": "机の角でオ◯してたらブッシャーって潮でた。どーがみたぁーい？🙄"
        },
        {
            "text": "ラーメンご馳走するのでイクまで立ちバックしてくれませんか？"
        },
        {
            "text": "せックス前提で会いませんか？\n(欲 求不 満です)"
        },
        {
            "text": "３月まだ童貞の方っています？女子大生とホテルで一緒に卒業式します？希望は↻＆♡して。"
        },
        {
            "text": "既婚者でも全然良いよ。せックスしよ。誘ってください？"
        },
        {
            "text": "女子大生のフェらは依存症になるよ？"
        },
        {
            "text": "私に攻められたいドM君いる？サクッとせックスしてパパッと解散したい。希望は↻♡"
        },
        {
            "text": "貢いで欲しい人いますか？♡"
        },
        {
            "text": "最寄りの駅まで行くからせックスしよ？"
        },
        {
            "text": "おつぱいはお好きですか？おつぱいスキスキおじさんにお会いしたいです。"
        },
        {
            "text": "ホテルよりも私のお家来る？お風呂とベッドしかないから女子大生とせックスするだけだけど。"
        },
        {
            "text": "3 P 生ハメどーが見たい人はいいねR T"
        },
        {
            "text": "3 Pなう。"
        },
        {
            "text": "今夜ホテルでハメ倒してくれる人いる？"
        },
        {
            "text": "ぱい凸しようか？"
        },
        {
            "text": "行ったことのない街で新らしいせフレさんが欲しいな♡(///ω///)"
        },
        {
            "text": "えッチなこと前提で会いません？変 態JDと大人な遊びしましょ？"
        },
        {
            "text": "私、喘ぎ声大きめだけど引かないでくださいね。"
        },
        {
            "text": "女性経験の少ない方います？テクニック向上のために私としませんか？ラーメンごちそうしますよ。"
        },
        {
            "text": "ごめんなさい。一度挿れたら中でイクまで、おちんコは離しません。"
        },
        {
            "text": "ピル飲んでるので遠慮なく中だしして。"
        },
        {
            "text": "おつぱい大きいからパイずり試してく？♡"
        },
        {
            "text": "抜いてあげようか？"
        },
        {
            "text": "はメ撮りせックスしましょうか？私をオカズにしてくれるならいいですよ。"
        },
        {
            "text": "こんにちは、頭なでなでされながらフェらするの好きな女子大生です♡"
        },
        {
            "text": "あなたのお家に行って、玄関でサクッと抜いてあげてもいいですよ？"
        },
        {
            "text": "大学生のせフレが欲しいですか？"
        },
        {
            "text": "どこかにフリーのせフレさん落ちてないかな。落ちてたら拾ってホテルに連れ込むのに。"
        },
        {
            "text": "私とせックスするときは、中に出すのは必須だよ。たっぷり中に出したら最後は顔にぶっかけて。"
        },
        {
            "text": "せックスの相手は誰でもいいんですが、ハゲててお腹がすんごく出たおじさんが犯されてる感じがして好きです。"
        },
        {
            "text": "めんどくさいことは抜きにしてホテルへ直行するよ。短時間で何回戦もできる人が希望かな。"
        },
        {
            "text": "私と生ハメしたいでしょ？？"
        },
        {
            "text": "女子大生に貢いで欲しい人います？🤭"
        },
        {
            "text": "私とのせックスの時、ゴムなんて要らないよ♡"
        },
        {
            "text": "ローション買ったので、ねっとり キ ス しながら 手 こ き で抜き抜きしてもいい？"
        },
        {
            "text": "ヤりまんだけど感度は抜群だよ。"
        },
        {
            "text": "個室居酒屋でフェらしたい。2人で飲み会する？"
        },
        {
            "text": "おはようございます。デートしてくれるおじさん募集♡"
        },
        {
            "text": "あなたの工ッチなㄘんㄘんを3回打たれたいです。"
        },
        {
            "text": "おはようございます。私とのデートは3回ヌキヌキするまで帰しませんよ。"
        },
        {
            "text": "出会って3秒で挿れてくれるせフレ募集"
        },
        {
            "text": "サクっとせックスしたい。カラダだけの関係を求めてるおじさんいる？"
        },
        {
            "text": "せックスしたくて、たまらん！"
        },
        {
            "text": "おつぱいモミモミする？\nそれともペロペロがいい？"
        },
        {
            "text": "おつぱいが大きい方が興奮するでしょ？揉んでいいよ"
        },
        {
            "text": "予定のないカラカラのちんコはありますか？私が湿らせてあげます。"
        },
        {
            "text": "ホテルに入ったらシャワー入る前にべろべろ舐めるけど大丈夫？"
        },
        {
            "text": "カラダだけの関係でもいいです。一緒に温泉に入ってイチャイチャしてくれませんか？"
        },
        {
            "text": "女子大生と中だしせックスしたい人は正直にいいね♡下さい。"
        },
        {
            "text": "泡のお風呂でイチャイチャしながらせックスしたい♡マッサージとかフェらとか頑張るから誰か付き合って？"
        },
        {
            "text": "女子大生が「中にだして」って言うのはダメですか？興奮するんですよね、種付けをされたって感じで。"
        },
        {
            "text": "ホテル着いたらシャワー浴びる間もなくちンぽにしゃぶりつくけど大丈夫？"
        },
        {
            "text": "私の女友達と3 Pしたい人募集します。いいね♡してから💌ください。ともだちはとても可愛くて工口いです"
        },
        {
            "text": "私とせックスしたいおじさんはリツイートしてください♡"
        },
        {
            "text": "わたし、クン二されるよりしゃぶる方が好きなんです♡"
        },
        {
            "text": "待ち合せしたら即ホテルに連れ込む肉食系の女子大生でもせックスしてくれる人はいいね♡下さい。"
        },
        {
            "text": "年齢は気にしない。私の性 欲を受け止めてくれる人なら遠くの人でも会いに行きます。"
        },
        {
            "text": "大学生のせフレが欲しいですか？"
        },
        {
            "text": "お目覚めフェらしますか？"
        },
        {
            "text": "もう21さいのオバさんですけど、抱けますか？"
        },
        {
            "text": "私のア ナ ルずぼずぼ動画で抜きたい人？♡"
        },
        {
            "text": "私をせふレにしたらかなりいいことあるよ♡"
        },
        {
            "text": "性 欲が異常なおじさんとせックスしたい♡"
        },
        {
            "text": "大学生でもせフレにしてくれます？人妻さんばかりじゃ飽きるでしょ？というか、おばさんより私がいいよ。"
        },
        {
            "text": "私が最寄駅まで行くので会えませんか？"
        },
        {
            "text": "こんな女子大生だけど需要ある？\n\n・フェらが上手\n・ぱいずりが大好き\n・でかぱい\n・欲求不満\n・おっパイが柔らかい"
        },
        {
            "text": "「挿 入して」って私が泣きそうになるくらいに焦らしてから、女子大生のキツキツおマンこにぶち込んでくれる？"
        },
        {
            "text": "せックスしませんか？"
        },
        {
            "text": "ぴる飲んでいるのでゴムいらない。\n\n中におもいっきり出していーよ。\n\nホテルで女子大生のお相手してくれる方はいいねとRTして。"
        },
        {
            "text": "女子大生に貢がれたい人いる？💕"
        },
        {
            "text": "小娘がお下品な音立ててフェらしちゃダメですか？"
        },
        {
            "text": "かなり変 態な女子大生ですけどいいですか…？"
        },
        {
            "text": "ねぇねぇ…ホテルでちょっとシャワー浴びない？"
        },
        {
            "text": "めっちゃ気持ちよかった"
        },
        {
            "text": "朝からせックスしてる。"
        },
        {
            "text": "ごめんなさい、ヤりマン女子大生です。"
        },
        {
            "text": "見られることで興奮するタイプです。"
        },
        {
            "text": "出会ってすぐに腕を引っ張ってホテルに行きたがる女子大生はイヤ？"
        },
        {
            "text": "おはよ\n\n朝からおかず欲しいビンビンな人いる？"
        },
        {
            "text": "おじさん、せックスしよ？"
        },
        {
            "text": "私だけ見てくれる人いないかな…\nせっクスの時だけでもいいから…"
        },
        {
            "text": "おはようございまンこ。"
        },
        {
            "text": "いやらしくおつぱいを舐めてくれませんか？"
        },
        {
            "text": "私のスカートの中をのぞきたい人？"
        },
        {
            "text": "知らないおじさんに高速ピストンからの大量に中だしされた。この夢見たから朝からムラムラが止まらない。"
        },
        {
            "text": "女子大生にぺろぺろして欲しい人？"
        },
        {
            "text": "今夜うちで抜いてくれる人いますか"
        },
        {
            "text": "おはよ。生でおちんコ挿れて腰振って。"
        },
        {
            "text": "ツルマン凸してほしいひとはリツイート"
        },
        {
            "text": "私の洞穴にあなたの暴れん棒を突っ込んで掻き回してほしい。"
        },
        {
            "text": "私の3 P はめ 撮りみたい人はいいね"
        },
        {
            "text": "ムラムラして眠れない( ˙˘˙ )♡"
        },
        {
            "text": "女子大生には 中 出 し は無理？したい人はいますか？"
        },
        {
            "text": "クパァみたいひとぉ✋"
        },
        {
            "text": "毎日おな二ーもいいけど毎日せっクスしたいよ〜"
        },
        {
            "text": "立ってるおじさんいる？"
        },
        {
            "text": "フェらがしたくて我慢できません💦"
        },
        {
            "text": "わたしの穴をおなホに使ってくれない？"
        },
        {
            "text": "女子大生にあさだち抜いてほしい？"
        },
        {
            "text": "せックスするためにマチあわせして、せックスしたら即解散しよ❣️"
        },
        {
            "text": "私のこと性 的な目で見るのはやめて、早く挿入してください。"
        },
        {
            "text": "女子大生が下品な音立ててフェらしちゃダメですか？"
        },
        {
            "text": "パイパ ン送ってもいいですか🤭"
        },
        {
            "text": "手でするの上手いって部活の後輩くんに言われた。誰か試したい人いる？ いいねで教えて。"
        },
        {
            "text": "てぃんこびんびん？♡"
        },
        {
            "text": "舐めて欲しいのはどこ？"
        },
        {
            "text": "お風呂でフェ◯したやつ見る？"
        },
        {
            "text": "自分で言うのもなんだけど、かなりフェらは上手いよ。極上の舌づかいを試したい？"
        },
        {
            "text": "朝からシコってるおっさんおはよ。"
        },
        {
            "text": "せ ッ ク スの予定がない空きおちんポある？私が予約するよ。"
        },
        {
            "text": "大学生のせフレって大変だよ。性 欲すごいから。それでもいい？"
        },
        {
            "text": "隠れ巨 乳だけど、隠さずに見せたほうがいい？"
        },
        {
            "text": "頭悪い女子大生ですけど、勃ってくれます？"
        },
        {
            "text": "ヤバい…\nおちん ちんがしゃぶりたくてたまらない"
        },
        {
            "text": "抜いてあげようか？"
        },
        {
            "text": "ラーメンたべにいこっかなー。味噌、潮、醤油どれにしよっかなー。"
        },
        {
            "text": "おなかすいたー"
        },
        {
            "text": "きのうおっさんとせックスしたはめ撮りえロ動画ほしい人？"
        },
        {
            "text": "今夜ヤれるちンこいませんか？"
        },
        {
            "text": "おはょ。ぱい凸しよか？"
        },
        {
            "text": "セ フ レ が出来たら毎週会いたいし、毎週が無理なら何人かセ フ レを作りたい。"
        },
        {
            "text": "パいパんおま◯こですが引きます？"
        },
        {
            "text": "おはよ〜。朝からやりたくてどうしようもない🥲"
        },
        {
            "text": "学校でせ ッ ク スしたどーが見たい人？"
        },
        {
            "text": "クンにはしたくないけど、フ ェラはして欲しいおじさん、義務教育を受けてこなかったのかな？"
        },
        {
            "text": "おな二するなら私の穴使っていいよ。"
        },
        {
            "text": "女子大生をあなたの好みにしつけてくれませんか？"
        },
        {
            "text": "セふれほしい人いませんか？私みたいな女子大生じゃダメなんですか？"
        },
        {
            "text": "おつぱいとおしりどっちが好きですか？"
        },
        {
            "text": "朝だちしてるならハメて。"
        },
        {
            "text": "女子大生でも生でしてくれる？"
        },
        {
            "text": "お乳しぼりは得意ですか？"
        },
        {
            "text": "根元まで思い切りぶち込んで。"
        },
        {
            "text": "オなにーしたいからちンこ貸して？"
        },
        {
            "text": "生ちンぽぶち込んで欲しい。"
        },
        {
            "text": "ホテるで初めましてするデートしない？"
        },
        {
            "text": "女子大生のババアだけど、抱ける？"
        },
        {
            "text": "おは。寝起きちんタマしゃぶりついていい？"
        },
        {
            "text": "ビンビンに硬いおちンぽをぶち込んでください。"
        },
        {
            "text": "感度の良い女子大生とハメてみる？気持ちよくてイヤなことなんて忘れるよ。"
        },
        {
            "text": "ばきゅーむフぇラ得意だけどする？"
        },
        {
            "text": "あやと下半身の関係になりたい？"
        },
        {
            "text": "私のおつぱい見たい人は♡して。"
        },
        {
            "text": "童貞くんとしたい。忘れられないくらい気持ちよくさせてあげたい。"
        },
        {
            "text": "女子大生がせフれ探すとかきもい？"
        },
        {
            "text": "今すっごく中に出されたい気分です。"
        },
        {
            "text": "ヤリたい。けど相手がいなくて悲しい。"
        },
        {
            "text": "おはよ。 今日も勃ってる？？"
        },
        {
            "text": "明日休みだしウチでヤル？"
        },
        {
            "text": "フェ らするからクン 二して。"
        },
        {
            "text": "おじさんと濃 厚え っちしたい。"
        },
        {
            "text": "エルサイズ復活してよかった。"
        },
        {
            "text": "あ、ぽてとたべよー。"
        },
        {
            "text": "定期的にイカせてくれる相性の合う精 力の強いおじさんいますか？"
        }
    ]
}